<?xml version="1.0" encoding="utf-8"?>
<VugenScriptMetadata>
  <ScriptName>AZMARA_Login</ScriptName>
  <Protocol>Web - HTTP/HTML</Protocol>
  <ActionFiles>
    <FileEntry Name="vuser_init.c" Filter="2" />
    <FileEntry Name="Action.c" Filter="2" />
    <FileEntry Name="vuser_end.c" Filter="2" />
  </ActionFiles>
  <GeneralFiles>
    <FileEntry Name="AZMARA_Login.usr" Filter="4" />
    <FileEntry Name="default.cfg" Filter="4" />
    <FileEntry Name="default.usp" Filter="4" />
    <FileEntry Name="AZMARA_Login.prm" Filter="2" />
    <FileEntry Name="globals.h" Filter="2" />
    <FileEntry Name="P_login.dat" Filter="2" />
    <FileEntry Name="combined_AZMARA_Login.c" Filter="2" />
    <FileEntry Name="pre_cci.c" Filter="2" />
    <FileEntry Name="184846359440.idx" Filter="1" />
    <FileEntry Name="18484635944_0iu.223.idx" Filter="1" />
    <FileEntry Name="18484635944_0jJ.685.idx" Filter="1" />
    <FileEntry Name="18484635944_41g.605.idx" Filter="1" />
    <FileEntry Name="18484635944_4ei.575.idx" Filter="1" />
    <FileEntry Name="18484635944_4UY.45.idx" Filter="1" />
    <FileEntry Name="18484635944_7fF.69.idx" Filter="1" />
    <FileEntry Name="18484635944_7Qf.957.idx" Filter="1" />
    <FileEntry Name="18484635944_8ez.87.idx" Filter="1" />
    <FileEntry Name="18484635944_9yJ.343.idx" Filter="1" />
    <FileEntry Name="18484635944_AKD.523.idx" Filter="1" />
    <FileEntry Name="18484635944_aX8.871.idx" Filter="1" />
    <FileEntry Name="18484635944_b7G.911.idx" Filter="1" />
    <FileEntry Name="18484635944_cBk.977.idx" Filter="1" />
    <FileEntry Name="18484635944_COF.615.idx" Filter="1" />
    <FileEntry Name="18484635944_csf.953.idx" Filter="1" />
    <FileEntry Name="18484635944_cTb.869.idx" Filter="1" />
    <FileEntry Name="18484635944_cY6.341.idx" Filter="1" />
    <FileEntry Name="18484635944_DkH.521.idx" Filter="1" />
    <FileEntry Name="18484635944_Dxx.971.idx" Filter="1" />
    <FileEntry Name="18484635944_eu5.63.idx" Filter="1" />
    <FileEntry Name="18484635944_g1V.493.idx" Filter="1" />
    <FileEntry Name="18484635944_Gvl.715.idx" Filter="1" />
    <FileEntry Name="18484635944_GyN.707.idx" Filter="1" />
    <FileEntry Name="18484635944_h4y.119.idx" Filter="1" />
    <FileEntry Name="18484635944_hvR.621.idx" Filter="1" />
    <FileEntry Name="18484635944_ibV.693.idx" Filter="1" />
    <FileEntry Name="18484635944_INX.751.idx" Filter="1" />
    <FileEntry Name="18484635944_jAZ.443.idx" Filter="1" />
    <FileEntry Name="18484635944_JZa.413.idx" Filter="1" />
    <FileEntry Name="18484635944_K5x.309.idx" Filter="1" />
    <FileEntry Name="18484635944_kIQ.181.idx" Filter="1" />
    <FileEntry Name="18484635944_kmZ.167.idx" Filter="1" />
    <FileEntry Name="18484635944_LHL.111.idx" Filter="1" />
    <FileEntry Name="18484635944_lJ4.339.idx" Filter="1" />
    <FileEntry Name="18484635944_mcI.863.idx" Filter="1" />
    <FileEntry Name="18484635944_Mgl.343.idx" Filter="1" />
    <FileEntry Name="18484635944_nLH.165.idx" Filter="1" />
    <FileEntry Name="18484635944_ORK.311.idx" Filter="1" />
    <FileEntry Name="18484635944_Pa8.637.idx" Filter="1" />
    <FileEntry Name="18484635944_QE4.371.idx" Filter="1" />
    <FileEntry Name="18484635944_Qs9.983.idx" Filter="1" />
    <FileEntry Name="18484635944_RmR.173.idx" Filter="1" />
    <FileEntry Name="18484635944_S78.301.idx" Filter="1" />
    <FileEntry Name="18484635944_smd.9.idx" Filter="1" />
    <FileEntry Name="18484635944_TyE.675.idx" Filter="1" />
    <FileEntry Name="18484635944_uB0.223.idx" Filter="1" />
    <FileEntry Name="18484635944_vHw.895.idx" Filter="1" />
    <FileEntry Name="18484635944_VpM.995.idx" Filter="1" />
    <FileEntry Name="18484635944_vsP.151.idx" Filter="1" />
    <FileEntry Name="18484635944_WrP.467.idx" Filter="1" />
    <FileEntry Name="18484635944_WWB.173.idx" Filter="1" />
    <FileEntry Name="18484635944_X3y.905.idx" Filter="1" />
    <FileEntry Name="18484635944_xhd.259.idx" Filter="1" />
    <FileEntry Name="18484635944_Y0N.875.idx" Filter="1" />
    <FileEntry Name="18484635944_y9u.371.idx" Filter="1" />
    <FileEntry Name="18484635944_yzk.539.idx" Filter="1" />
    <FileEntry Name="18484635944_ziV.383.idx" Filter="1" />
    <FileEntry Name="AZMARA_Login.c.pickle" Filter="1" />
    <FileEntry Name="AZMARA_Login.ci" Filter="1" />
    <FileEntry Name="AZMARA_Login.prm.bak" Filter="1" />
    <FileEntry Name="Bookmarks.xml" Filter="1" />
    <FileEntry Name="Breakpoints.xml" Filter="1" />
    <FileEntry Name="CompilerLogMetadata.xml" Filter="1" />
    <FileEntry Name="logfile.log" Filter="1" />
    <FileEntry Name="mdrv.log" Filter="1" />
    <FileEntry Name="mdrv_cmd.txt" Filter="1" />
    <FileEntry Name="options.txt" Filter="1" />
    <FileEntry Name="output.bak" Filter="1" />
    <FileEntry Name="output.txt" Filter="1" />
    <FileEntry Name="OutputColoringDatabase.json" Filter="1" />
    <FileEntry Name="ReplaySummaryReport.xml" Filter="1" />
    <FileEntry Name="ScriptUploadMetadata.xml" Filter="1" />
    <FileEntry Name="ThumbnailsCache.tmp" Filter="1" />
    <FileEntry Name="TransactionsData.db" Filter="1" />
    <FileEntry Name="UserTasks.xml" Filter="1" />
    <FileEntry Name="data\" Filter="1" />
    <FileEntry Name="result1\" Filter="1" />
  </GeneralFiles>
</VugenScriptMetadata>