<?xml version="1.0" encoding="utf-8"?>
<VugenScriptMetadata>
  <ScriptName>User_Registration</ScriptName>
  <Protocol>Web - HTTP/HTML</Protocol>
  <ActionFiles>
    <FileEntry Name="vuser_init.c" Filter="2" />
    <FileEntry Name="Action.c" Filter="2" />
    <FileEntry Name="vuser_end.c" Filter="2" />
  </ActionFiles>
  <GeneralFiles>
    <FileEntry Name="User_Registration.usr" Filter="4" />
    <FileEntry Name="default.cfg" Filter="4" />
    <FileEntry Name="default.usp" Filter="4" />
    <FileEntry Name="User_Registration.prm" Filter="2" />
    <FileEntry Name="globals.h" Filter="2" />
    <FileEntry Name="Cr_gender.dat" Filter="2" />
    <FileEntry Name="C_Gender.dat" Filter="2" />
    <FileEntry Name="co_gender.dat" Filter="2" />
    <FileEntry Name="combined_User_Registration.c" Filter="2" />
    <FileEntry Name="pre_cci.c" Filter="2" />
    <FileEntry Name="130131785440.idx" Filter="1" />
    <FileEntry Name="266228926440.idx" Filter="1" />
    <FileEntry Name="28831099440.idx" Filter="1" />
    <FileEntry Name="2883109944_04B.441.idx" Filter="1" />
    <FileEntry Name="2883109944_DT2.245.idx" Filter="1" />
    <FileEntry Name="2883109944_iSP.695.idx" Filter="1" />
    <FileEntry Name="2883109944_QTQ.689.idx" Filter="1" />
    <FileEntry Name="Bookmarks.xml" Filter="1" />
    <FileEntry Name="Breakpoints.xml" Filter="1" />
    <FileEntry Name="CompilerLogMetadata.xml" Filter="1" />
    <FileEntry Name="C_firstName.dat" Filter="1" />
    <FileEntry Name="logfile.log" Filter="1" />
    <FileEntry Name="mdrv.log" Filter="1" />
    <FileEntry Name="mdrv_cmd.txt" Filter="1" />
    <FileEntry Name="options.txt" Filter="1" />
    <FileEntry Name="output.bak" Filter="1" />
    <FileEntry Name="output.txt" Filter="1" />
    <FileEntry Name="OutputColoringDatabase.json" Filter="1" />
    <FileEntry Name="ReplaySummaryReport.xml" Filter="1" />
    <FileEntry Name="ScriptUploadMetadata.xml" Filter="1" />
    <FileEntry Name="ThumbnailsCache.tmp" Filter="1" />
    <FileEntry Name="TransactionsData.db" Filter="1" />
    <FileEntry Name="UserTasks.xml" Filter="1" />
    <FileEntry Name="User_Registration.c.pickle" Filter="1" />
    <FileEntry Name="User_Registration.ci" Filter="1" />
    <FileEntry Name="User_Registration.prm.bak" Filter="1" />
    <FileEntry Name="data\" Filter="1" />
    <FileEntry Name="result1\" Filter="1" />
  </GeneralFiles>
</VugenScriptMetadata>