<?xml version="1.0" encoding="utf-8"?>
<VugenScriptMetadata>
  <ScriptName>BookTicket_DenverToParis</ScriptName>
  <Protocol>Web - HTTP/HTML</Protocol>
  <ActionFiles>
    <FileEntry Name="vuser_init.c" Filter="2" />
    <FileEntry Name="Action.c" Filter="2" />
    <FileEntry Name="vuser_end.c" Filter="2" />
  </ActionFiles>
  <GeneralFiles>
    <FileEntry Name="BookTicket_DenverToParis.usr" Filter="4" />
    <FileEntry Name="default.cfg" Filter="4" />
    <FileEntry Name="default.usp" Filter="4" />
    <FileEntry Name="BookTicket_DenverToParis.prm" Filter="2" />
    <FileEntry Name="globals.h" Filter="2" />
    <FileEntry Name="P_uname.dat" Filter="2" />
    <FileEntry Name="combined_BookTicket_DenverToParis.c" Filter="2" />
    <FileEntry Name="pre_cci.c" Filter="2" />
    <FileEntry Name="102407883440.idx" Filter="1" />
    <FileEntry Name="10240788344_4BV.445.idx" Filter="1" />
    <FileEntry Name="10240788344_8XN.233.idx" Filter="1" />
    <FileEntry Name="10240788344_9CM.985.idx" Filter="1" />
    <FileEntry Name="10240788344_atx.215.idx" Filter="1" />
    <FileEntry Name="10240788344_AXe.311.idx" Filter="1" />
    <FileEntry Name="10240788344_bcx.245.idx" Filter="1" />
    <FileEntry Name="10240788344_CzA.311.idx" Filter="1" />
    <FileEntry Name="10240788344_fJ5.263.idx" Filter="1" />
    <FileEntry Name="10240788344_HmT.189.idx" Filter="1" />
    <FileEntry Name="10240788344_HPD.911.idx" Filter="1" />
    <FileEntry Name="10240788344_HYN.965.idx" Filter="1" />
    <FileEntry Name="10240788344_jaP.289.idx" Filter="1" />
    <FileEntry Name="10240788344_jEj.777.idx" Filter="1" />
    <FileEntry Name="10240788344_JVr.559.idx" Filter="1" />
    <FileEntry Name="10240788344_kdE.89.idx" Filter="1" />
    <FileEntry Name="10240788344_l7z.59.idx" Filter="1" />
    <FileEntry Name="10240788344_MIU.605.idx" Filter="1" />
    <FileEntry Name="10240788344_mRM.837.idx" Filter="1" />
    <FileEntry Name="10240788344_Neo.935.idx" Filter="1" />
    <FileEntry Name="10240788344_noh.349.idx" Filter="1" />
    <FileEntry Name="10240788344_nsC.439.idx" Filter="1" />
    <FileEntry Name="10240788344_rbZ.279.idx" Filter="1" />
    <FileEntry Name="10240788344_vNK.245.idx" Filter="1" />
    <FileEntry Name="10240788344_vQW.439.idx" Filter="1" />
    <FileEntry Name="123861420440.idx" Filter="1" />
    <FileEntry Name="45862474440.idx" Filter="1" />
    <FileEntry Name="Bookmarks.xml" Filter="1" />
    <FileEntry Name="BookTicket_DenverToParis.c.pickle" Filter="1" />
    <FileEntry Name="BookTicket_DenverToParis.ci" Filter="1" />
    <FileEntry Name="BookTicket_DenverToParis.prm.bak" Filter="1" />
    <FileEntry Name="Breakpoints.xml" Filter="1" />
    <FileEntry Name="CompilerLogMetadata.xml" Filter="1" />
    <FileEntry Name="custom_body_variables.txt" Filter="1" />
    <FileEntry Name="logfile.log" Filter="1" />
    <FileEntry Name="lrw_custom_body.h" Filter="1" />
    <FileEntry Name="mdrv.log" Filter="1" />
    <FileEntry Name="mdrv_cmd.txt" Filter="1" />
    <FileEntry Name="options.txt" Filter="1" />
    <FileEntry Name="output.bak" Filter="1" />
    <FileEntry Name="output.txt" Filter="1" />
    <FileEntry Name="OutputColoringDatabase.json" Filter="1" />
    <FileEntry Name="P_returnDate.dat" Filter="1" />
    <FileEntry Name="P_userName.dat" Filter="1" />
    <FileEntry Name="ReplaySummaryReport.xml" Filter="1" />
    <FileEntry Name="ScriptUploadMetadata.xml" Filter="1" />
    <FileEntry Name="ThumbnailsCache.tmp" Filter="1" />
    <FileEntry Name="TransactionsData.db" Filter="1" />
    <FileEntry Name="UserTasks.xml" Filter="1" />
    <FileEntry Name="data\" Filter="1" />
    <FileEntry Name="result1\" Filter="1" />
  </GeneralFiles>
</VugenScriptMetadata>